{
	"file_path": "C:\\Users\\Luka\\AppData\\Local\\Packages\\Microsoft.MinecraftUWP_8wekyb3d8bbwe\\LocalState\\games\\com.mojang\\development_behavior_packs\\Test\\items\\compass.json",
	"file_type": "item",
	"format_version": 1,
	"file_uuid": "c766a632_6700_4fbf_8925_c88d0070991b",
	"file_version": 1,
	"cache_content": {
		"children": [
			{
				"data": "1.16.100",
				"key": "format_version"
			},
			{
				"open": {
					"format_version": "1.16.100",
					"minecraft:item": {
						"description": {
							"identifier": "test:compass",
							"category": "nature"
						},
						"components": {
							"minecraft:icon": {
								"texture": "test_compass"
							},
							"minecraft:on_use": {
								"on_use": {}
							}
						}
					}
				},
				"key": "minecraft:item",
				"children": [
					{
						"open": {
							"description": {
								"identifier": "test:compass",
								"category": "nature"
							},
							"components": {
								"minecraft:icon": {
									"texture": "test_compass"
								},
								"minecraft:on_use": {
									"on_use": {}
								}
							}
						},
						"key": "description",
						"is_minified": true,
						"children": {
							"identifier": "test:compass",
							"category": "nature"
						}
					},
					{
						"open": {
							"description": {
								"identifier": "test:compass",
								"category": "nature"
							},
							"components": {
								"minecraft:icon": {
									"texture": "test_compass"
								},
								"minecraft:on_use": {
									"on_use": {}
								}
							}
						},
						"key": "components",
						"children": [
							{
								"key": "minecraft:icon",
								"is_minified": true,
								"children": {
									"texture": "test_compass"
								}
							},
							{
								"open": {
									"minecraft:icon": {
										"texture": "test_compass"
									},
									"minecraft:on_use": {
										"on_use": {}
									}
								},
								"key": "minecraft:on_use",
								"is_minified": true,
								"children": {
									"on_use": {}
								}
							}
						]
					}
				]
			}
		]
	}
}